epoch,acc,loss,precision,recall,val_acc,val_loss,val_precision,val_recall
0,0.9069638848304749,0.22362923622131348,0.9329051375389099,0.9509680867195129,0.892288863658905,0.37398868799209595,0.9322916865348816,0.8896620273590088
1,0.9443770051002502,0.14323462545871735,0.9628345370292664,0.9671263694763184,0.6432068347930908,5.24306058883667,0.6331025958061218,1.0
2,0.9537578821182251,0.11562617123126984,0.9685333967208862,0.9732553362846375,0.8977968096733093,0.2820208966732025,0.9311407804489136,0.9005964398384094
3,0.9612625241279602,0.09614473581314087,0.9774824976921082,0.9735339283943176,0.8757649660110474,0.459200918674469,0.8399661183357239,0.9860835075378418
4,0.9692087173461914,0.07846277207136154,0.9803676009178162,0.9807772636413574,0.6982864141464233,1.7869961261749268,0.6711140871047974,1.0
5,0.9714159369468689,0.0753915086388588,0.9822971820831299,0.981613039970398,0.8886169195175171,0.3907832205295563,0.8601398468017578,0.9781312346458435
6,0.9757201075553894,0.0637446865439415,0.9846775531768799,0.9846775531768799,0.8886169195175171,0.3964240252971649,0.8570190668106079,0.9831013679504395
7,0.9777066707611084,0.057974256575107574,0.9863376617431641,0.9855133295059204,0.899020791053772,0.39048337936401367,0.8751115202903748,0.9751490950584412
8,0.9803553819656372,0.053565751761198044,0.9865184426307678,0.9887170791625977,0.9088127017021179,0.340085506439209,0.8913242220878601,0.9701789021492004
9,0.9798035621643066,0.05380503833293915,0.9874581694602966,0.9870455265045166,0.8776009678840637,0.5313923358917236,0.8450342416763306,0.9811133146286011
10,0.983004093170166,0.04785207286477089,0.9885936975479126,0.9899707436561584,0.9192166328430176,0.23430044949054718,0.9580712914466858,0.9085487127304077
11,0.9837766289710999,0.04496779292821884,0.9902397990226746,0.989274263381958,0.90514075756073,0.34663712978363037,0.8816143274307251,0.9771371483802795
12,0.9842180609703064,0.04008278623223305,0.9905186891555786,0.9895528554916382,0.8151775002479553,0.8243467211723328,0.7695252895355225,0.9990059733390808
13,0.9864253401756287,0.04029199481010437,0.9913648962974548,0.9915030002593994,0.8543451428413391,0.7450472116470337,0.8121951222419739,0.9930417537689209
14,0.9870874881744385,0.03387501835823059,0.9916457533836365,0.9920601844787598,0.791309654712677,1.2364012002944946,0.7483196258544922,0.9960238337516785
15,0.9871978759765625,0.03680256009101868,0.9923323392868042,0.9915030002593994,0.7796817421913147,1.7794506549835205,0.737500011920929,0.9970179200172424
16,0.9868667721748352,0.03531450033187866,0.9915065169334412,0.9919208884239197,0.7533659934997559,1.3097602128982544,0.7142857313156128,0.9990059733390808
17,0.9890740513801575,0.031907983124256134,0.9933110475540161,0.9928959608078003,0.8390452861785889,0.8190414309501648,0.7974379658699036,0.9900596141815186
18,0.9890740513801575,0.029082171618938446,0.9939994215965271,0.9921994805335999,0.7594859004020691,1.883744478225708,0.7193987369537354,0.9990059733390808
19,0.9889636635780334,0.029779905453324318,0.9924864172935486,0.9935924410820007,0.892288863658905,0.46999427676200867,0.8608695864677429,0.9840954542160034
20,0.9886326193809509,0.030675409361720085,0.9924833178520203,0.9931745529174805,0.7796817421913147,6.189463138580322,0.7461889982223511,0.9731610417366028
21,0.989515483379364,0.02887905202805996,0.9927657246589661,0.994010329246521,0.7668298482894897,3.370131731033325,0.726613461971283,0.9960238337516785
22,0.9880807995796204,0.02821177989244461,0.9933026432991028,0.9916422963142395,0.8855569362640381,0.7015020251274109,0.8570182919502258,0.9771371483802795
23,0.9902880191802979,0.027540814131498337,0.9945598840713501,0.9931745529174805,0.8916768431663513,0.5970690250396729,0.8717488646507263,0.9662027955055237
24,0.9920538663864136,0.023637503385543823,0.9953994154930115,0.9945675134658813,0.9369645118713379,0.2160262018442154,0.9231489896774292,0.9791252613067627
25,0.9894051551818848,0.02612338587641716,0.9927647113800049,0.9938710331916809,0.8886169195175171,0.5869601964950562,0.8527397513389587,0.9900596141815186
26,0.991391658782959,0.025432271882891655,0.9942920804023743,0.9948461055755615,0.9045287370681763,0.29124683141708374,0.878113865852356,0.9811133146286011
27,0.9912813305854797,0.026850005611777306,0.9944289922714233,0.9945675134658813,0.8751530051231384,0.6258327960968018,0.8369747996330261,0.9900596141815186
28,0.9902880191802979,0.026062246412038803,0.9940086603164673,0.9937317371368408,0.9063647389411926,0.37428992986679077,0.879111111164093,0.9831013679504395
29,0.9920538663864136,0.021557260304689407,0.9952613115310669,0.9947068095207214,0.8396573066711426,0.6870858073234558,0.7947701811790466,0.9970179200172424
30,0.9939300417900085,0.020012646913528442,0.9962385296821594,0.9960997104644775,0.7533659934997559,1.7813184261322021,0.713981568813324,1.0
31,0.9924952983856201,0.022744247689843178,0.9955400824546814,0.9949854016304016,0.8641371130943298,0.8781636953353882,0.8223684430122375,0.9940357804298401
32,0.9937093257904053,0.016970528289675713,0.9959610104560852,0.9960997104644775,0.9100367426872253,0.2674861550331116,0.8824576735496521,0.9850894808769226
33,0.9902880191802979,0.028772572055459023,0.9946979284286499,0.9930352568626404,0.778457760810852,1.4079407453536987,0.7357247471809387,0.9990059733390808
34,0.9926056861877441,0.020254166796803474,0.9952646493911743,0.9954032301902771,0.9253365993499756,0.18011659383773804,0.9528688788414001,0.9244532585144043
35,0.9945921897888184,0.015227828174829483,0.9969333410263062,0.9962390065193176,0.8396573066711426,1.018507480621338,0.7957074642181396,0.9950298070907593
36,0.9941507577896118,0.017264464870095253,0.9966545701026917,0.9959604144096375,0.8470011949539185,0.8946149945259094,0.8028846383094788,0.9960238337516785
37,0.9941507577896118,0.01718490570783615,0.9963778257369995,0.9962390065193176,0.6799265742301941,4.269249439239502,0.6579463481903076,1.0
38,0.9929367899894714,0.01760018616914749,0.9955425262451172,0.9955425262451172,0.8965728282928467,0.34327301383018494,0.8713398575782776,0.9761431217193604
39,0.9928264021873474,0.018719956278800964,0.9949902296066284,0.9959604144096375,0.7809057235717773,1.5000152587890625,0.7385861277580261,0.9970179200172424
40,0.9942611455917358,0.016122804954648018,0.9966550469398499,0.9960997104644775,0.9192166328430176,0.40051043033599854,0.9122641682624817,0.961232602596283
41,0.9923849701881409,0.020886467769742012,0.9951253533363342,0.9952639937400818,0.8720930218696594,0.5365791320800781,0.8351556062698364,0.987077534198761
42,0.9945921897888184,0.016850553452968597,0.9961035251617432,0.9970747828483582,0.8182374835014343,1.4318314790725708,0.7737451791763306,0.9960238337516785
43,0.9937093257904053,0.016382979229092598,0.9966527223587036,0.9954032301902771,0.7668298482894897,66.2012710571289,0.726613461971283,0.9960238337516785
44,0.9945921897888184,0.013478687964379787,0.9973493218421936,0.9958211183547974,0.9210526347160339,0.26514318585395813,0.9140698909759521,0.9622266292572021
45,0.9924952983856201,0.02079903334379196,0.9954019784927368,0.9951246976852417,0.7656058669090271,2.084923267364502,0.7245854139328003,0.9990059733390808
46,0.9956958293914795,0.012761781923472881,0.9967993497848511,0.9977712631225586,0.8684210777282715,0.6956787109375,0.8276718854904175,0.9930417537689209
47,0.9948129057884216,0.012654860503971577,0.9973500967025757,0.9960997104644775,0.9253365993499756,0.38367947936058044,0.9010889530181885,0.987077534198761
48,0.9938196539878845,0.01838364265859127,0.9965147376060486,0.9956818222999573,0.794369637966156,1.750754475593567,0.749627411365509,1.0
49,0.9962476491928101,0.012636200524866581,0.9969397783279419,0.998328447341919,0.9039167761802673,1.869776725769043,0.8694517016410828,0.9930417537689209
